Keyword,Volume
comment acheter une voiture,1500
achat voiture occasion,2300
prix voiture neuve,1800
voiture pas cher,3500
meilleur prix auto,1200
acheter véhicule d'occasion,900
qu'est-ce qu'une assurance auto,800
assurance voiture obligatoire,2100
comparatif assurance automobile,1600
avis assurance véhicule,900
prix assurance auto jeune conducteur,1400
assurance tous risques voiture,1800
comment choisir assurance auto,600
garage réparation voiture paris,1200
réparation automobile près de moi,800
service entretien véhicule,900
mécanique auto lyon,600
dépannage voiture 24h,1100
atelier carrosserie marseille,500
garage voiture toulouse,400
pneu voiture pas cher,1600
changement pneu automobile,800
pneu hiver véhicule,1200
roue de secours voiture,400
pneumatique auto discount,900
meilleur pneu voiture 2024,700
crédit auto banque,1800
prêt voiture occasion,1200
financement véhicule neuf,900
leasing automobile,800
crédit voiture sans apport,1100
simulation prêt auto,600
voiture électrique prix,2200
auto hybride avantages,1500
véhicule écologique 2024,800
voiture propre bonus,1000
automobile électrique autonomie,900
guide achat voiture électrique,700
différence essence diesel,600
consommation carburant auto,800
économie essence véhicule,500
carburant moins cher,1200
station service prix,900
essence ou diesel choisir,700
permis conduire prix,1800
auto école près de moi,1400
code de la route test,2100
examen permis voiture,1200
cours conduite automobile,800
moniteur auto école,500 